what,kind,bundleId,bundleVersion,description,time
stopped,bundle,org.erlide.ui,0.15.0.201202052049,"org.erlide.ui",1331560591585
stopped,bundle,org.eclipse.search,3.7.0.v20110505-0800,"org.eclipse.search",1331560591589
stopped,bundle,org.eclipse.mylyn.commons.team,0.8.0.v20110608-1400,"org.eclipse.mylyn.commons.team",1331560591590
stopped,bundle,org.eclipse.mylyn.team.ui,3.6.1.v20110825-0100,"org.eclipse.mylyn.team.ui",1331560591591
stopped,bundle,org.eclipse.ui.navigator.resources,3.4.300.I20110421-1800,"org.eclipse.ui.navigator.resources",1331560591591
stopped,bundle,org.eclipse.ltk.ui.refactoring,3.6.0.v20110505-0800,"org.eclipse.ltk.ui.refactoring",1331560591592
stopped,bundle,org.eclipse.mylyn.bugzilla.ui,3.6.0.v20110608-1400,"org.eclipse.mylyn.bugzilla.ui",1331560591592
stopped,bundle,org.eclipse.mylyn.ide.ui,3.6.0.v20110608-1400,"org.eclipse.mylyn.ide.ui",1331560591592
stopped,bundle,org.eclipse.mylyn.resources.ui,3.6.0.v20110608-1400,"org.eclipse.mylyn.resources.ui",1331560591593
stopped,bundle,org.eclipse.mylyn.wikitext.tasks.ui,1.5.0.v20110608-1400,"org.eclipse.mylyn.wikitext.tasks.ui",1331560591594
stopped,bundle,org.eclipse.mylyn.context.ui,3.6.0.v20110608-1400,"org.eclipse.mylyn.context.ui",1331560591594
stopped,bundle,org.eclipse.mylyn.help.ui,3.6.1.v20110830-0100,"org.eclipse.mylyn.help.ui",1331560591595
stopped,bundle,org.eclipse.mylyn.tasks.bugs,3.6.1.v20110825-0100,"org.eclipse.mylyn.tasks.bugs",1331560591596
stopped,bundle,org.eclipse.mylyn.tasks.ui,3.6.2.v20110826-0100,"org.eclipse.mylyn.tasks.ui",1331560591596
stopped,bundle,org.eclipse.team.cvs.ui,3.3.400.I20110510-0800,"org.eclipse.team.cvs.ui",1331560591596
stopped,bundle,org.eclipse.team.ui,3.6.100.I20110525-0800,"org.eclipse.team.ui",1331560591603
stopped,bundle,org.eclipse.compare,3.5.201.R37x_v20110817-0800,"org.eclipse.compare",1331560591604
stopped,bundle,org.eclipse.ui.externaltools,3.2.0.v20110506,"org.eclipse.ui.externaltools",1331560591605
stopped,bundle,org.eclipse.dltk.console.ui,3.0.0.v20101212-1106,"org.eclipse.dltk.console.ui",1331560591605
stopped,bundle,org.eclipse.debug.ui,3.7.101.v20110817_r371,"org.eclipse.debug.ui",1331560591612
stopped,bundle,org.eclipse.mylyn.wikitext.ui,1.5.0.v20110608-1400,"org.eclipse.mylyn.wikitext.ui",1331560591614
stopped,bundle,org.eclipse.ui.console,3.5.100.v20110511,"org.eclipse.ui.console",1331560591615
stopped,bundle,org.eclipse.mylyn.commons.ui,3.6.1.v20110720-0100,"org.eclipse.mylyn.commons.ui",1331560591615
activated,perspective,org.erlide.ui,,"org.erlide.ui.perspectives.ErlangPerspective",1331560611287
started,bundle,org.eclipse.osgi,3.7.1.R37x_v20110808-1106,"org.eclipse.osgi",1331560611324
started,bundle,org.eclipse.equinox.simpleconfigurator,1.0.200.v20110502-1955,"org.eclipse.equinox.simpleconfigurator",1331560611342
started,bundle,com.ibm.icu,4.4.2.v20110208,"com.ibm.icu",1331560611342
started,bundle,org.eclipse.compare.core,3.5.200.I20110208-0800,"org.eclipse.compare.core",1331560611343
started,bundle,org.eclipse.core.contenttype,3.4.100.v20110423-0524,"org.eclipse.core.contenttype",1331560611343
started,bundle,org.eclipse.core.databinding.observable,1.4.0.I20110222-0800,"org.eclipse.core.databinding.observable",1331560611344
started,bundle,org.eclipse.core.expressions,3.4.300.v20110228,"org.eclipse.core.expressions",1331560611344
started,bundle,org.eclipse.core.filebuffers,3.5.200.v20110505-0800,"org.eclipse.core.filebuffers",1331560611345
started,bundle,org.eclipse.core.filesystem,1.3.100.v20110423-0524,"org.eclipse.core.filesystem",1331560611345
started,bundle,org.eclipse.core.jobs,3.5.100.v20110404,"org.eclipse.core.jobs",1331560611345
started,bundle,org.eclipse.core.net,1.2.100.I20110511-0800,"org.eclipse.core.net",1331560611346
started,bundle,org.eclipse.core.resources,3.7.100.v20110510-0712,"org.eclipse.core.resources",1331560611346
started,bundle,org.eclipse.core.runtime,3.7.0.v20110110,"org.eclipse.core.runtime",1331560611347
started,bundle,org.eclipse.core.runtime.compatibility,3.2.100.v20100505,"org.eclipse.core.runtime.compatibility",1331560611347
started,bundle,org.eclipse.core.runtime.compatibility.auth,3.2.200.v20110110,"org.eclipse.core.runtime.compatibility.auth",1331560611348
started,bundle,org.eclipse.core.variables,3.2.500.v20110511,"org.eclipse.core.variables",1331560611348
started,bundle,org.eclipse.debug.core,3.7.0.v20110518,"org.eclipse.debug.core",1331560611349
started,bundle,org.eclipse.debug.ui,3.7.101.v20110817_r371,"org.eclipse.debug.ui",1331560611350
started,bundle,org.eclipse.egit.core,1.1.0.201109151100-r,"org.eclipse.egit.core",1331560611385
started,bundle,org.eclipse.egit.ui,1.1.0.201109151100-r,"org.eclipse.egit.ui",1331560611397
started,bundle,org.eclipse.epp.mpc.ui,1.1.1.I20110907-0947,"org.eclipse.epp.mpc.ui",1331560611397
started,bundle,org.eclipse.epp.usagedata.gathering,1.3.1.R201106061540,"org.eclipse.epp.usagedata.gathering",1331560611397
started,bundle,org.eclipse.epp.usagedata.recording,1.3.1.R201106061540,"org.eclipse.epp.usagedata.recording",1331560611398
started,bundle,org.eclipse.equinox.app,1.3.100.v20110321,"org.eclipse.equinox.app",1331560611398
started,bundle,org.eclipse.equinox.common,3.6.0.v20110523,"org.eclipse.equinox.common",1331560611398
started,bundle,org.eclipse.equinox.ds,1.3.1.R37x_v20110701,"org.eclipse.equinox.ds",1331560611399
started,bundle,org.eclipse.equinox.event,1.2.100.v20110502,"org.eclipse.equinox.event",1331560611399
started,bundle,org.eclipse.equinox.p2.core,2.1.0.v20110502-1955,"org.eclipse.equinox.p2.core",1331560611460
started,bundle,org.eclipse.equinox.p2.directorywatcher,1.0.300.v20110502-1955,"org.eclipse.equinox.p2.directorywatcher",1331560611460
started,bundle,org.eclipse.equinox.p2.engine,2.1.0.v20110511,"org.eclipse.equinox.p2.engine",1331560611537
started,bundle,org.eclipse.equinox.p2.metadata,2.1.0.v20110510,"org.eclipse.equinox.p2.metadata",1331560611612
started,bundle,org.eclipse.equinox.p2.metadata.repository,1.2.0.v20110511-1359,"org.eclipse.equinox.p2.metadata.repository",1331560611633
started,bundle,org.eclipse.equinox.p2.operations,2.1.0.v20110511-1821,"org.eclipse.equinox.p2.operations",1331560611633
started,bundle,org.eclipse.equinox.p2.reconciler.dropins,1.1.100.v20110510,"org.eclipse.equinox.p2.reconciler.dropins",1331560611634
started,bundle,org.eclipse.equinox.p2.repository,2.1.0.v20110601,"org.eclipse.equinox.p2.repository",1331560611635
started,bundle,org.eclipse.equinox.p2.ui.sdk.scheduler,1.0.100.v20110502-1955,"org.eclipse.equinox.p2.ui.sdk.scheduler",1331560611637
started,bundle,org.eclipse.equinox.p2.updatechecker,1.1.200.v20110502-1955,"org.eclipse.equinox.p2.updatechecker",1331560611638
started,bundle,org.eclipse.equinox.preferences,3.4.1.R37x_v20110725,"org.eclipse.equinox.preferences",1331560611639
started,bundle,org.eclipse.equinox.registry,3.5.101.R37x_v20110810-1611,"org.eclipse.equinox.registry",1331560611639
started,bundle,org.eclipse.equinox.security,1.1.1.R37x_v20110822-1018,"org.eclipse.equinox.security",1331560611640
started,bundle,org.eclipse.equinox.util,1.0.300.v20110502,"org.eclipse.equinox.util",1331560611640
started,bundle,org.eclipse.help,3.5.100.v20110426,"org.eclipse.help",1331560611641
started,bundle,org.eclipse.jdt.core,3.7.1.v_B76_R37x,"org.eclipse.jdt.core",1331560611642
started,bundle,org.eclipse.jdt.core.manipulation,1.4.0.v20110505-0800,"org.eclipse.jdt.core.manipulation",1331560611643
started,bundle,org.eclipse.jdt.ui,3.7.1.r371_v20110824-0800,"org.eclipse.jdt.ui",1331560611647
started,bundle,org.eclipse.jface,3.7.0.I20110522-1430,"org.eclipse.jface",1331560611648
started,bundle,org.eclipse.jgit,1.1.0.201109151100-r,"org.eclipse.jgit",1331560611648
started,bundle,org.eclipse.jsch.core,1.1.300.I20110514-0800,"org.eclipse.jsch.core",1331560611649
started,bundle,org.eclipse.m2e.logback.configuration,1.0.100.20110804-1717,"org.eclipse.m2e.logback.configuration",1331560611650
started,bundle,org.eclipse.mylyn.bugzilla.core,3.6.2.v20110903-0100,"org.eclipse.mylyn.bugzilla.core",1331560611650
started,bundle,org.eclipse.mylyn.bugzilla.ui,3.6.0.v20110608-1400,"org.eclipse.mylyn.bugzilla.ui",1331560611651
started,bundle,org.eclipse.mylyn.commons.identity,0.8.0.v20110608-1400,"org.eclipse.mylyn.commons.identity",1331560611652
started,bundle,org.eclipse.mylyn.commons.net,3.6.0.v20110608-1400,"org.eclipse.mylyn.commons.net",1331560611652
started,bundle,org.eclipse.mylyn.commons.ui,3.6.1.v20110720-0100,"org.eclipse.mylyn.commons.ui",1331560611652
started,bundle,org.eclipse.mylyn.context.core,3.6.1.v20110720-0100,"org.eclipse.mylyn.context.core",1331560611653
started,bundle,org.eclipse.mylyn.context.ui,3.6.0.v20110608-1400,"org.eclipse.mylyn.context.ui",1331560611653
started,bundle,org.eclipse.mylyn.monitor.ui,3.6.0.v20110608-1400,"org.eclipse.mylyn.monitor.ui",1331560611654
started,bundle,org.eclipse.mylyn.tasks.ui,3.6.2.v20110826-0100,"org.eclipse.mylyn.tasks.ui",1331560611655
started,bundle,org.eclipse.mylyn.team.ui,3.6.1.v20110825-0100,"org.eclipse.mylyn.team.ui",1331560611655
started,bundle,org.eclipse.search,3.7.0.v20110505-0800,"org.eclipse.search",1331560611656
started,bundle,org.eclipse.team.core,3.6.0.I20110525-0800,"org.eclipse.team.core",1331560611656
started,bundle,org.eclipse.team.cvs.core,3.3.400.I20110510-0800,"org.eclipse.team.cvs.core",1331560611657
started,bundle,org.eclipse.team.cvs.ui,3.3.400.I20110510-0800,"org.eclipse.team.cvs.ui",1331560611658
started,bundle,org.eclipse.team.ui,3.6.100.I20110525-0800,"org.eclipse.team.ui",1331560611658
started,bundle,org.eclipse.ui,3.7.0.I20110602-0100,"org.eclipse.ui",1331560611659
started,bundle,org.eclipse.ui.console,3.5.100.v20110511,"org.eclipse.ui.console",1331560611660
started,bundle,org.eclipse.ui.editors,3.7.0.v20110517-0800,"org.eclipse.ui.editors",1331560611660
started,bundle,org.eclipse.ui.forms,3.5.100.v20110425,"org.eclipse.ui.forms",1331560611660
started,bundle,org.eclipse.ui.ide,3.7.0.v20110809-1737,"org.eclipse.ui.ide",1331560611661
started,bundle,org.eclipse.ui.navigator,3.5.100.v20110809-2227,"org.eclipse.ui.navigator",1331560611662
started,bundle,org.eclipse.ui.navigator.resources,3.4.300.I20110421-1800,"org.eclipse.ui.navigator.resources",1331560611662
started,bundle,org.eclipse.ui.net,1.2.100.I20110511-0800,"org.eclipse.ui.net",1331560611663
started,bundle,org.eclipse.ui.views,3.6.0.I20110412-0800,"org.eclipse.ui.views",1331560611663
started,bundle,org.eclipse.ui.workbench,3.7.0.I20110519-0100,"org.eclipse.ui.workbench",1331560611664
started,bundle,org.eclipse.ui.workbench.texteditor,3.7.0.v20110505-0800,"org.eclipse.ui.workbench.texteditor",1331560611664
started,bundle,org.eclipse.update.configurator,3.3.100.v20100512,"org.eclipse.update.configurator",1331560611665
started,bundle,org.eclipse.update.core,3.2.500.v20110330,"org.eclipse.update.core",1331560611665
started,bundle,org.eclipse.update.scheduler,3.2.300.v20100512,"org.eclipse.update.scheduler",1331560611666
started,bundle,org.eclipse.wb.discovery.core,1.1.0.r37x201109091028,"org.eclipse.wb.discovery.core",1331560611666
started,bundle,org.eclipse.dltk.core,3.0.1.v20110823,"org.eclipse.dltk.core",1331560611666
started,bundle,org.eclipse.dltk.launching,3.0.0.v20110423,"org.eclipse.dltk.launching",1331560611667
started,bundle,org.eclipse.dltk.ui,3.0.1.v20110823,"org.eclipse.dltk.ui",1331560611668
started,bundle,org.erlide.core,0.15.0.201202052049,"org.erlide.core",1331560611669
started,bundle,org.erlide.jinterface,0.15.0.201202052049,"org.erlide.jinterface",1331560611672
started,bundle,org.erlide.test_support,0.15.0.201202052049,"org.erlide.test_support",1331560611672
started,bundle,org.erlide.ui,0.15.0.201202052049,"org.erlide.ui",1331560611673
os,sysinfo,,,"macosx",1331560611677
arch,sysinfo,,,"x86_64",1331560611677
ws,sysinfo,,,"cocoa",1331560611677
locale,sysinfo,,,"pt_BR",1331560611677
processors,sysinfo,,,"2",1331560611677
java.runtime.name,sysinfo,,,"Java(TM) SE Runtime Environment",1331560611677
java.runtime.version,sysinfo,,,"1.6.0_29-b11-402-11D50",1331560611677
java.specification.name,sysinfo,,,"Java Platform API Specification",1331560611677
java.specification.vendor,sysinfo,,,"Sun Microsystems Inc.",1331560611677
java.specification.version,sysinfo,,,"1.6",1331560611677
java.vendor,sysinfo,,,"Apple Inc.",1331560611677
java.version,sysinfo,,,"1.6.0_29",1331560611677
java.vm.info,sysinfo,,,"mixed mode",1331560611677
java.vm.name,sysinfo,,,"Java HotSpot(TM) 64-Bit Server VM",1331560611677
java.vm.specification.name,sysinfo,,,"Java Virtual Machine Specification",1331560611677
java.vm.specification.vendor,sysinfo,,,"Sun Microsystems Inc.",1331560611677
java.vm.specification.version,sysinfo,,,"1.0",1331560611677
java.vm.vendor,sysinfo,,,"Apple Inc.",1331560611677
java.vm.version,sysinfo,,,"20.4-b02-402",1331560611677
started,bundle,org.eclipse.m2e.usagedata,1.0.100.20110804-1717,"org.eclipse.m2e.usagedata",1331560611701
started,bundle,org.eclipse.wb.discovery.ui,1.1.0.r37x201109091028,"org.eclipse.wb.discovery.ui",1331560612286
started,bundle,org.eclipse.cdt.codan.ui.cxx,2.0.0.201202111925,"org.eclipse.cdt.codan.ui.cxx",1331560612294
started,bundle,org.eclipse.cdt.make.core,7.1.2.201202111925,"org.eclipse.cdt.make.core",1331560612418
started,bundle,org.eclipse.cdt.managedbuilder.core,8.0.2.201202111925,"org.eclipse.cdt.managedbuilder.core",1331560612466
started,bundle,org.eclipse.cdt.core,5.3.2.201202111925,"org.eclipse.cdt.core",1331560612599
started,bundle,org.eclipse.ltk.core.refactoring,3.5.201.r371_v20110824-0800,"org.eclipse.ltk.core.refactoring",1331560612749
started,bundle,org.eclipse.cdt.ui,5.3.2.201202111925,"org.eclipse.cdt.ui",1331560612805
started,bundle,org.eclipse.cdt.make.ui,7.1.2.201202111925,"org.eclipse.cdt.make.ui",1331560612811
started,bundle,org.eclipse.cdt.codan.core.cxx,1.0.0.201202111925,"org.eclipse.cdt.codan.core.cxx",1331560612814
started,bundle,org.eclipse.cdt.codan.core,2.0.0.201202111925,"org.eclipse.cdt.codan.core",1331560612816
started,bundle,org.eclipse.cdt.codan.checkers,1.0.1.201202111925,"org.eclipse.cdt.codan.checkers",1331560612830
opened,view,org.eclipse.ui.ide,3.7.0.v20110809-1737,"org.eclipse.ui.views.ProblemView",1331560614209
error,log,,,"Problems occurred when invoking code from plug-in: ""org.eclipse.text"".",1331560634240
deactivated,workbench,org.eclipse.ui.workbench,3.7.0.I20110519-0100,"",1331560678915
activated,workbench,org.eclipse.ui.workbench,3.7.0.I20110519-0100,"",1331560685301
error,log,,,"Problems occurred when invoking code from plug-in: ""org.eclipse.text"".",1331560718054
started,bundle,shade.bterl,0.15.0.201202052049,"shade.bterl",1331560736961
executed,command,org.eclipse.ui,3.7.0.I20110602-0100,"org.eclipse.ui.file.properties",1331560752635
opened,editor,org.erlide.ui,0.15.0.201202052049,"org.erlide.ui.editors.erl.ErlangEditor",1331560777659
activated,editor,org.erlide.ui,0.15.0.201202052049,"org.erlide.ui.editors.erl.ErlangEditor",1331560777779
activated,editor,org.erlide.ui,0.15.0.201202052049,"org.erlide.ui.editors.erl.ErlangEditor",1331560790047
activated,editor,org.erlide.ui,0.15.0.201202052049,"org.erlide.ui.editors.erl.ErlangEditor",1331560791708
closed,editor,org.erlide.ui,0.15.0.201202052049,"org.erlide.ui.editors.erl.ErlangEditor",1331560791709
opened,editor,org.erlide.ui,0.15.0.201202052049,"org.erlide.ui.editors.erl.ErlangEditor",1331560794216
activated,editor,org.erlide.ui,0.15.0.201202052049,"org.erlide.ui.editors.erl.ErlangEditor",1331560794285
started,bundle,org.eclipse.wst.common.project.facet.core,1.4.201.v201201101553,"org.eclipse.wst.common.project.facet.core",1331560803278
deactivated,workbench,org.eclipse.ui.workbench,3.7.0.I20110519-0100,"",1331560803494
started,bundle,org.eclipse.ltk.ui.refactoring,3.6.0.v20110505-0800,"org.eclipse.ltk.ui.refactoring",1331560912837
started,bundle,org.eclipse.compare,3.5.201.R37x_v20110817-0800,"org.eclipse.compare",1331560912868
started,bundle,org.eclipse.cdt.debug.core,7.1.0.201202111925,"org.eclipse.cdt.debug.core",1331560917737
started,bundle,org.eclipse.cdt.debug.ui,7.1.2.201202111925,"org.eclipse.cdt.debug.ui",1331560917742
started,bundle,org.eclipse.wst.sse.ui,1.3.2.v201201041522,"org.eclipse.wst.sse.ui",1331560973657
started,bundle,org.eclipse.wst.sse.core,1.1.602.v201112071516,"org.eclipse.wst.sse.core",1331560973684
started,bundle,org.eclipse.wst.html.ui,1.0.602.v201202091936,"org.eclipse.wst.html.ui",1331560989236
started,bundle,org.eclipse.wst.validation,1.2.303.v201202090300,"org.eclipse.wst.validation",1331560989245
started,bundle,org.eclipse.wst.html.core,1.1.502.v201202091936,"org.eclipse.wst.html.core",1331560989251
started,bundle,org.eclipse.ui.externaltools,3.2.0.v20110506,"org.eclipse.ui.externaltools",1331560993283
started,bundle,org.eclipse.core.externaltools,1.0.100.v20110506,"org.eclipse.core.externaltools",1331560993336
activated,workbench,org.eclipse.ui.workbench,3.7.0.I20110519-0100,"",1331561001091
executed,command,org.eclipse.ui.ide,3.7.0.v20110809-1737,"org.eclipse.ui.project.properties",1331561001196
started,bundle,org.eclipse.php.core,3.0.1.v201201110400,"org.eclipse.php.core",1331561004353
activated,view,org.erlide.ui,0.15.0.201202052049,"org.erlide.ui.views.navigator.view",1331561007798
opened,editor,org.eclipse.cdt.make.ui,7.1.2.201202111925,"org.eclipse.cdt.make.editor",1331561010980
activated,editor,org.eclipse.cdt.make.ui,7.1.2.201202111925,"org.eclipse.cdt.make.editor",1331561011184
activated,view,org.eclipse.ui.console,3.5.100.v20110511,"org.eclipse.ui.console.ConsoleView",1331561026377
activated,view,org.erlide.ui,0.15.0.201202052049,"org.erlide.ui.views.navigator.view",1331561042664
started,bundle,org.eclipse.php.debug.ui,3.0.1.v201201110400,"org.eclipse.php.debug.ui",1331561057856
started,bundle,org.eclipse.php.server.ui,3.0.1.v201201110400,"org.eclipse.php.server.ui",1331561057878
activated,view,org.eclipse.ui.console,3.5.100.v20110511,"org.eclipse.ui.console.ConsoleView",1331561058665
started,bundle,org.eclipse.php.debug.daemon,3.0.1.v201201110400,"org.eclipse.php.debug.daemon",1331561058759
started,bundle,org.eclipse.php.server.core,3.0.1.v201201110400,"org.eclipse.php.server.core",1331561058772
started,bundle,org.eclipse.php.debug.core,3.0.1.v201201110400,"org.eclipse.php.debug.core",1331561059119
activated,view,org.erlide.ui,0.15.0.201202052049,"org.erlide.ui.views.navigator.view",1331561062185
closed,view,org.eclipse.ui.console,3.5.100.v20110511,"org.eclipse.ui.console.ConsoleView",1331561062200
opened,view,org.eclipse.ui.console,3.5.100.v20110511,"org.eclipse.ui.console.ConsoleView",1331561064193
activated,view,org.eclipse.ui.console,3.5.100.v20110511,"org.eclipse.ui.console.ConsoleView",1331561064213
deactivated,workbench,org.eclipse.ui.workbench,3.7.0.I20110519-0100,"",1331561102650
activated,workbench,org.eclipse.ui.workbench,3.7.0.I20110519-0100,"",1331561147974
deactivated,workbench,org.eclipse.ui.workbench,3.7.0.I20110519-0100,"",1331561188364
activated,workbench,org.eclipse.ui.workbench,3.7.0.I20110519-0100,"",1331561217141
executed,command,org.eclipse.ui,3.7.0.I20110602-0100,"org.eclipse.ui.file.properties",1331561236460
deactivated,workbench,org.eclipse.ui.workbench,3.7.0.I20110519-0100,"",1331561256137
activated,workbench,org.eclipse.ui.workbench,3.7.0.I20110519-0100,"",1331561275036
deactivated,workbench,org.eclipse.ui.workbench,3.7.0.I20110519-0100,"",1331561276459
activated,workbench,org.eclipse.ui.workbench,3.7.0.I20110519-0100,"",1331561288859
deactivated,workbench,org.eclipse.ui.workbench,3.7.0.I20110519-0100,"",1331561289795
activated,workbench,org.eclipse.ui.workbench,3.7.0.I20110519-0100,"",1331561947634
activated,view,org.erlide.ui,0.15.0.201202052049,"org.erlide.ui.views.navigator.view",1331561950711
started,bundle,org.eclipse.dltk.validators.ui,3.0.0.v20110423,"org.eclipse.dltk.validators.ui",1331561951552
deactivated,workbench,org.eclipse.ui.workbench,3.7.0.I20110519-0100,"",1331561956782
activated,workbench,org.eclipse.ui.workbench,3.7.0.I20110519-0100,"",1331561970619
deactivated,workbench,org.eclipse.ui.workbench,3.7.0.I20110519-0100,"",1331561989036
activated,workbench,org.eclipse.ui.workbench,3.7.0.I20110519-0100,"",1331562180078
activated,view,org.eclipse.ui.console,3.5.100.v20110511,"org.eclipse.ui.console.ConsoleView",1331562180996
activated,view,org.erlide.ui,0.15.0.201202052049,"org.erlide.ui.views.navigator.view",1331562191511
deactivated,workbench,org.eclipse.ui.workbench,3.7.0.I20110519-0100,"",1331562198952
activated,workbench,org.eclipse.ui.workbench,3.7.0.I20110519-0100,"",1331562250557
deactivated,workbench,org.eclipse.ui.workbench,3.7.0.I20110519-0100,"",1331562254847
activated,workbench,org.eclipse.ui.workbench,3.7.0.I20110519-0100,"",1331562266116
activated,view,org.eclipse.ui.console,3.5.100.v20110511,"org.eclipse.ui.console.ConsoleView",1331562268734
deactivated,workbench,org.eclipse.ui.workbench,3.7.0.I20110519-0100,"",1331562270396
activated,workbench,org.eclipse.ui.workbench,3.7.0.I20110519-0100,"",1331562273917
activated,view,org.erlide.ui,0.15.0.201202052049,"org.erlide.ui.views.navigator.view",1331562319771
deactivated,workbench,org.eclipse.ui.workbench,3.7.0.I20110519-0100,"",1331562349662
activated,workbench,org.eclipse.ui.workbench,3.7.0.I20110519-0100,"",1331562355891
activated,view,org.eclipse.ui.console,3.5.100.v20110511,"org.eclipse.ui.console.ConsoleView",1331562355901
executed,command,org.eclipse.ui.ide,3.7.0.v20110809-1737,"org.eclipse.ui.project.cleanAction",1331562356010
started,bundle,org.eclipse.dltk.core.index.sql,3.0.0.v20110423,"org.eclipse.dltk.core.index.sql",1331562356475
started,bundle,org.eclipse.dltk.core.index.sql.h2,3.0.0.v20110423,"org.eclipse.dltk.core.index.sql.h2",1331562357180
activated,view,org.erlide.ui,0.15.0.201202052049,"org.erlide.ui.views.navigator.view",1331562365320
activated,view,org.eclipse.ui.console,3.5.100.v20110511,"org.eclipse.ui.console.ConsoleView",1331562385687
activated,view,org.erlide.ui,0.15.0.201202052049,"org.erlide.ui.views.navigator.view",1331562416481
executed,command,org.eclipse.ui,3.7.0.I20110602-0100,"org.eclipse.ui.file.refresh",1331562424128
deactivated,workbench,org.eclipse.ui.workbench,3.7.0.I20110519-0100,"",1331562446937
activated,workbench,org.eclipse.ui.workbench,3.7.0.I20110519-0100,"",1331562471786
deactivated,workbench,org.eclipse.ui.workbench,3.7.0.I20110519-0100,"",1331562487630
activated,workbench,org.eclipse.ui.workbench,3.7.0.I20110519-0100,"",1331562546099
activated,view,org.eclipse.ui.console,3.5.100.v20110511,"org.eclipse.ui.console.ConsoleView",1331562546492
activated,view,org.erlide.ui,0.15.0.201202052049,"org.erlide.ui.views.navigator.view",1331562567121
activated,editor,org.eclipse.cdt.make.ui,7.1.2.201202111925,"org.eclipse.cdt.make.editor",1331562595534
activated,editor,org.erlide.ui,0.15.0.201202052049,"org.erlide.ui.editors.erl.ErlangEditor",1331562595671
closed,editor,org.eclipse.cdt.make.ui,7.1.2.201202111925,"org.eclipse.cdt.make.editor",1331562595672
activated,editor,org.erlide.ui,0.15.0.201202052049,"org.erlide.ui.editors.erl.ErlangEditor",1331562599026
closed,editor,org.erlide.ui,0.15.0.201202052049,"org.erlide.ui.editors.erl.ErlangEditor",1331562599026
opened,editor,org.erlide.ui,0.15.0.201202052049,"org.erlide.ui.editors.erl.ErlangEditor",1331562600582
activated,editor,org.erlide.ui,0.15.0.201202052049,"org.erlide.ui.editors.erl.ErlangEditor",1331562600635
activated,editor,org.erlide.ui,0.15.0.201202052049,"org.erlide.ui.editors.erl.ErlangEditor",1331562602255
closed,editor,org.erlide.ui,0.15.0.201202052049,"org.erlide.ui.editors.erl.ErlangEditor",1331562602256
opened,view,org.erlide.ui,0.15.0.201202052049,"org.erlide.ui.views.eval.LiveExpressionsView",1331562606466
activated,view,org.erlide.ui,0.15.0.201202052049,"org.erlide.ui.views.eval.LiveExpressionsView",1331562606486
opened,view,org.erlide.ui,0.15.0.201202052049,"org.erlide.ui.views.processlist.ProcessListView",1331562611294
activated,view,org.erlide.ui,0.15.0.201202052049,"org.erlide.ui.views.processlist.ProcessListView",1331562611310
activated,view,org.eclipse.ui.ide,3.7.0.v20110809-1737,"org.eclipse.ui.views.ProblemView",1331562616313
activated,view,org.eclipse.ui.console,3.5.100.v20110511,"org.eclipse.ui.console.ConsoleView",1331562618511
activated,editor,org.erlide.ui,0.15.0.201202052049,"org.erlide.ui.editors.erl.ErlangEditor",1331562641958
activated,view,org.erlide.ui,0.15.0.201202052049,"org.erlide.ui.views.navigator.view",1331562677295
executed,command,org.eclipse.ui,3.7.0.I20110602-0100,"org.eclipse.ui.file.refresh",1331562685011
deactivated,workbench,org.eclipse.ui.workbench,3.7.0.I20110519-0100,"",1331562741807
activated,workbench,org.eclipse.ui.workbench,3.7.0.I20110519-0100,"",1331563972635
activated,editor,org.erlide.ui,0.15.0.201202052049,"org.erlide.ui.editors.erl.ErlangEditor",1331563972661
activated,view,org.erlide.ui,0.15.0.201202052049,"org.erlide.ui.views.navigator.view",1331563986399
opened,editor,org.erlide.ui,0.15.0.201202052049,"org.erlide.ui.editors.erl.ErlangEditor",1331563995282
activated,editor,org.erlide.ui,0.15.0.201202052049,"org.erlide.ui.editors.erl.ErlangEditor",1331563995330
activated,view,org.erlide.ui,0.15.0.201202052049,"org.erlide.ui.views.navigator.view",1331564052786
opened,editor,org.erlide.ui,0.15.0.201202052049,"org.erlide.ui.editors.erl.ErlangEditor",1331564053869
activated,editor,org.erlide.ui,0.15.0.201202052049,"org.erlide.ui.editors.erl.ErlangEditor",1331564053920
activated,view,org.eclipse.ui.ide,3.7.0.v20110809-1737,"org.eclipse.ui.views.ProblemView",1331564058563
activated,view,org.erlide.ui,0.15.0.201202052049,"org.erlide.ui.views.eval.LiveExpressionsView",1331564083152
activated,view,org.erlide.ui,0.15.0.201202052049,"org.erlide.ui.views.processlist.ProcessListView",1331564085100
activated,view,org.eclipse.ui.ide,3.7.0.v20110809-1737,"org.eclipse.ui.views.ProblemView",1331564090611
activated,view,org.erlide.ui,0.15.0.201202052049,"org.erlide.ui.views.navigator.view",1331564117905
deactivated,workbench,org.eclipse.ui.workbench,3.7.0.I20110519-0100,"",1331564140732
activated,workbench,org.eclipse.ui.workbench,3.7.0.I20110519-0100,"",1331564187984
deactivated,workbench,org.eclipse.ui.workbench,3.7.0.I20110519-0100,"",1331564192750
activated,workbench,org.eclipse.ui.workbench,3.7.0.I20110519-0100,"",1331564233905
deactivated,workbench,org.eclipse.ui.workbench,3.7.0.I20110519-0100,"",1331564235534
activated,workbench,org.eclipse.ui.workbench,3.7.0.I20110519-0100,"",1331564286515
executed,command,org.eclipse.ui,3.7.0.I20110602-0100,"org.eclipse.ui.file.refresh",1331564298381
activated,editor,org.erlide.ui,0.15.0.201202052049,"org.erlide.ui.editors.erl.ErlangEditor",1331564304293
activated,editor,org.erlide.ui,0.15.0.201202052049,"org.erlide.ui.editors.erl.ErlangEditor",1331564304386
closed,editor,org.erlide.ui,0.15.0.201202052049,"org.erlide.ui.editors.erl.ErlangEditor",1331564304386
activated,editor,org.erlide.ui,0.15.0.201202052049,"org.erlide.ui.editors.erl.ErlangEditor",1331564305605
closed,editor,org.erlide.ui,0.15.0.201202052049,"org.erlide.ui.editors.erl.ErlangEditor",1331564305605
